{"cameraMode":{"drawMode":0,"name":"Shaded","section":"Shading Mode"},"sceneLighting":true,"audioPlay":false,"sceneViewState":{"showFog":false,"showMaterialUpdate":false,"showSkybox":false,"showFlares":false,"showImageEffects":false,"showParticleSystems":false},"in2DMode":false,"pivot":{"x":9.254449844360352,"y":1.1068998575210572,"z":-0.2507392168045044},"rotation":{"x":-0.12639352679252625,"y":0.8213093280792236,"z":-0.1999506950378418,"w":-0.5191583633422852},"size":5.366025924682617,"orthographic":false}